{
    "lfo": {
        "shape": 0.723633,
        "rate": 0.267578,
        "parameter": 0.987305
    },
    "clouds": {
        "reverb": 0.624023,
        "dry": 1.001953,
        "feedback": 1,
        "position": 0.480469,
        "size": 0.328125,
        "texture": 0.118164,
        "density": 0.921875,
        "pitch": 17.8125,
        "stereo_spread": 1.00293
    }
}